<?xml version="1.0" encoding="UTF-8"?>
<faces-config version="2.2" xmlns="http://xmlns.jcp.org/xml/ns/javaee"
 xmlns:xsi="http://www.w3.org/2001/XMLSchema-instance" xsi:schemaLocation="http://xmlns.jcp.org/xml/ns/javaee http://xmlns.jcp.org/xml/ns/javaee/web-facesconfig_2_2.xsd">
 <navigation-rule>
  <from-view-id>*</from-view-id>
  <navigation-case>
   <from-outcome>home</from-outcome>
   <to-view-id>/pages/home2.xhtml</to-view-id>
  </navigation-case>
  <navigation-case>
   <from-outcome>login</from-outcome>
   <to-view-id>/login2.xhtml</to-view-id>
  </navigation-case>
  <navigation-case>
   <from-outcome>utilisateurs</from-outcome>
   <to-view-id>/pages/admin/utilisateur/liste.xhtml</to-view-id>
  </navigation-case>
  <navigation-case>
   <from-outcome>categories</from-outcome>
   <to-view-id>/pages/admin/categorie/liste.xhtml</to-view-id>
  </navigation-case>
  <navigation-case>
   <from-outcome>produits</from-outcome>
   <to-view-id>/pages/admin/produit/liste.xhtml</to-view-id>
  </navigation-case>
  <navigation-case>
   <from-outcome>catalogue</from-outcome>
   <to-view-id>/pages/vente/catalogue.xhtml</to-view-id>
  </navigation-case>
  <navigation-case>
   <from-outcome>panier</from-outcome>
   <to-view-id>/pages/vente/panier.xhtml</to-view-id>
  </navigation-case>
 </navigation-rule>
 <application/>
</faces-config>
